date,target,platform,platform_impressions,platform_engagements,platform_link_clicks,platform_engagement_rate,platform_click_through_rate,platform_metrics_source,platform_metrics_checked_at,context,page_sent,snippet_used,thread_or_url,status,result,follow_up_page,follow_up_due,next_move,notes,response_type
,Live X investors discussing Crunchbase or PitchBook,X,,,,,,,,timing vs verification,/compare/crunchbase-alternative-for-angel-investors,x-compare-crunchbase-1,,ready-to-send,no-response,/buyers-guide,,Reply when someone treats verification as sourcing,Use one contrast and one link,
,Live Reddit threads asking how angels find startups earlier,Reddit,,,,,,,,practical angel workflow,/answers/how-angel-investors-use-github-signals,reddit-github-workflow-1,,ready-to-send,no-response,/buyers-guide,,Answer thread literally first then link,No homepage,
,Newsletter writers discussing proof or methodology,Email/newsletter,,,,,,,,public evidence angle,/research,newsletter-research-1,,ready-to-send,no-response,/buyers-guide,,Reply with one data point and one proof link,Best for skeptical readers,
,LinkedIn investor posts on startup timing,LinkedIn,,,,,,,,proof before the round,/from-stars-to-seed,linkedin-proof-1,,ready-to-send,no-response,/research,,Use visible case-study framing,Examples beat theory,
,Private investor chats asking what to buy,Private chat,,,,,,,,buyer-side evaluation,/buyers-guide,private-buyers-guide-1,,ready-to-send,no-response,/answers/when-should-i-use-first-look-vs-dashboard,,Send only when the buyer already believes the signal might matter,Best page for paid-step choice,
,AI/MCP threads on X or GitHub,X or GitHub,,,,,,,,agent-native workflow,/integrations/best-mcp-server-for-vc-research,mcp-distribution-1,,ready-to-send,no-response,/research,,Lead with workflow fit not product pitch,Technical context only,
,LinkedIn posts about practical investor workflows,LinkedIn,,,,,,,,workflow fit,/use-cases,linkedin-use-cases-1,,ready-to-send,no-response,/buyers-guide,,Use when the conversation is practical not skeptical,Route from workflow to evaluation,
,Live X or LinkedIn comments asking if GitDealFlow can replace Crunchbase,X or LinkedIn,,,,,,,,commercial comparison,/answers/can-gitdealflow-replace-crunchbase,replace-crunchbase-1,,ready-to-send,no-response,/compare/crunchbase-alternative-for-angel-investors,,Use when the question is explicit replacement,Then route into compare page,
,Live chats or replies asking which paid step fits,Private or social reply,,,,,,,,offer choice,/answers/when-should-i-use-first-look-vs-dashboard,paid-step-choice-1,,ready-to-send,no-response,/pricing,,Use only after trust is established,Offer-selection layer,
,Live chats or replies asking whether they need higher-touch support,Private or social reply,,,,,,,,Dashboard vs Insider fit,/answers/when-should-i-use-dashboard-vs-insider,dashboard-insider-choice-1,,ready-to-send,no-response,/pricing,,Use after recurring-visibility need is clear,Do not send first-touch,
,,,,,,,,,,,,,,,,,,,,
