date,headline,startup,sector,signalType,commitVelocity14d,commitVelocityChange,contributors,contributorGrowth,buildAngles,distributionPlay
2026-04-23,The edtech reset hiding in a -31% engineering hiring burst,NDLANO,EdTech,Engineering hiring burst,35,-31%,43,+59%,"Sourcing tool for engineering managers — Slack-native, signal-pulled by sector, no SaaS dashboard.; Read-only overlay on the incumbent ATS — bring engineering signals (GitHub activity, dependency adoption) onto candidate cards.; Drip-tool for technical recruiting that writes its own outreach from public commit signals.","Free Chrome extension into r/recruiting and r/cscareerquestions for the first 1,000 installs. Both subs allow free tools if you don't pitch — frame it as data, not product."
2026-04-24,The enterprise saas reset hiding in a -59% framework migration,medusajs,Enterprise SaaS,Framework migration,40,-59%,100,+45%,"Sourcing tool for engineering managers — Slack-native, signal-pulled by sector, no SaaS dashboard.; Read-only overlay on the incumbent ATS — bring engineering signals (GitHub activity, dependency adoption) onto candidate cards.; Drip-tool for technical recruiting that writes its own outreach from public commit signals.","Free Chrome extension into r/recruiting and r/cscareerquestions for the first 1,000 installs. Both subs allow free tools if you don't pitch — frame it as data, not product."
2026-04-25,The data infrastructure reset hiding in a -56% framework migration,starlake-ai,Data Infrastructure,Framework migration,24,-56%,29,+0%,"Single-purpose CLI that does one job the incumbent's dashboard hides — agent eval, prompt diff, tool-call replay.; VS Code extension that surfaces the live signal inside the editor; no marketing site needed for the first 1,000 installs.; Pay-per-run hosted endpoint for one stage of the data infrastructure pipeline; treat it as a tool other agents call, not a SaaS humans browse to.",Drop it as a free CLI install into r/LocalLLaMA + the underrated 'Show HN' Friday slot. The first 100 stars on a tightly-scoped dev tool routinely turn into the first 10 paying customers.
2026-04-26,The data infrastructure reset hiding in a -62% framework migration,redpanda-data,Data Infrastructure,Framework migration,71,-62%,100,+0%,"Single-purpose CLI that does one job the incumbent's dashboard hides — agent eval, prompt diff, tool-call replay.; VS Code extension that surfaces the live signal inside the editor; no marketing site needed for the first 1,000 installs.; Pay-per-run hosted endpoint for one stage of the data infrastructure pipeline; treat it as a tool other agents call, not a SaaS humans browse to.",Drop it as a free CLI install into r/LocalLLaMA + the underrated 'Show HN' Friday slot. The first 100 stars on a tightly-scoped dev tool routinely turn into the first 10 paying customers.
2026-04-27,The cybersecurity reset hiding in a -52% infrastructure buildout,yaklang,Cybersecurity,Infrastructure buildout,71,-52%,34,+0%,"Single-table replacement for one screen of the incumbent cybersecurity suite. Sell the export, not the storage.; Browser extension that overlays signal data on the existing cybersecurity dashboards the buyer already uses.; Lightweight monitoring + alerting for one specific failure mode — narrower than the platform, deeper on the one job.",Publish a 'state of cybersecurity engineering' weekly digest derived from the same data; the digest becomes the first sales channel and an SEO surface at the same time.
2026-04-28,The enterprise saas opening hiding in a +13% framework migration,ParabolInc,Enterprise SaaS,Framework migration,26,+13%,78,+0%,"Sourcing tool for engineering managers — Slack-native, signal-pulled by sector, no SaaS dashboard.; Read-only overlay on the incumbent ATS — bring engineering signals (GitHub activity, dependency adoption) onto candidate cards.; Drip-tool for technical recruiting that writes its own outreach from public commit signals.","Free Chrome extension into r/recruiting and r/cscareerquestions for the first 1,000 installs. Both subs allow free tools if you don't pitch — frame it as data, not product."
2026-04-29,The data infrastructure opening hiding in a +12% framework migration,PostHog,Data Infrastructure,Framework migration,2784,+12%,100,+11%,"Single-purpose CLI that does one job the incumbent's dashboard hides — agent eval, prompt diff, tool-call replay.; VS Code extension that surfaces the live signal inside the editor; no marketing site needed for the first 1,000 installs.; Pay-per-run hosted endpoint for one stage of the data infrastructure pipeline; treat it as a tool other agents call, not a SaaS humans browse to.",Drop it as a free CLI install into r/LocalLLaMA + the underrated 'Show HN' Friday slot. The first 100 stars on a tightly-scoped dev tool routinely turn into the first 10 paying customers.
2026-04-30,The healthcare reset hiding in a -95% framework migration,hapifhir,Healthcare,Framework migration,3,-95%,92,+0%,"EHR/court/contract export tool — the part that vendors refuse to expose. Read-only, audit-trail-first.; Compliance-as-a-tool for one narrow workflow; sell the artifact (signed PDF, attestation) not the platform.; Verification layer that sits between the AI and the system of record; the engineer-buyer is your first 100 customers.",Lead with a credible benchmark or audit — a single PDF that names what the existing tools miss. Send it to two industry newsletters before posting it anywhere social.
2026-05-01,The web3 reset hiding in a -30% framework migration,dfinity,Web3,Framework migration,146,-30%,33,+0%,"Compliance-adjacent middleware — the part of the stack the incumbent won't ship because the support cost is too high.; Read-only analytics layer over the existing web3 data sources; sell the dashboard, not the integration.; Embedded widget for the engineer-buyer at a Series A — drop-in, single-script, replaces a quarter of a Salesforce instance.","Publish a public read-only demo with one anonymised customer's data; share the demo URL in the Indie Hackers fintech category and pitch one fintech podcast as a case study, not a product."
2026-05-02,The data infrastructure reset hiding in a -40% framework migration,cilium,Data Infrastructure,Framework migration,79,-40%,100,+0%,"Single-purpose CLI that does one job the incumbent's dashboard hides — agent eval, prompt diff, tool-call replay.; VS Code extension that surfaces the live signal inside the editor; no marketing site needed for the first 1,000 installs.; Pay-per-run hosted endpoint for one stage of the data infrastructure pipeline; treat it as a tool other agents call, not a SaaS humans browse to.",Drop it as a free CLI install into r/LocalLLaMA + the underrated 'Show HN' Friday slot. The first 100 stars on a tightly-scoped dev tool routinely turn into the first 10 paying customers.
2026-05-03,The web3 reset hiding in a -43% framework migration,argotorg,Web3,Framework migration,16,-43%,100,+0%,"Compliance-adjacent middleware — the part of the stack the incumbent won't ship because the support cost is too high.; Read-only analytics layer over the existing web3 data sources; sell the dashboard, not the integration.; Embedded widget for the engineer-buyer at a Series A — drop-in, single-script, replaces a quarter of a Salesforce instance.","Publish a public read-only demo with one anonymised customer's data; share the demo URL in the Indie Hackers fintech category and pitch one fintech podcast as a case study, not a product."
2026-05-04,The data infrastructure reset hiding in a -89% framework migration,airbytehq,Data Infrastructure,Framework migration,206,-89%,100,+18%,"Single-purpose CLI that does one job the incumbent's dashboard hides — agent eval, prompt diff, tool-call replay.; VS Code extension that surfaces the live signal inside the editor; no marketing site needed for the first 1,000 installs.; Pay-per-run hosted endpoint for one stage of the data infrastructure pipeline; treat it as a tool other agents call, not a SaaS humans browse to.",Drop it as a free CLI install into r/LocalLLaMA + the underrated 'Show HN' Friday slot. The first 100 stars on a tightly-scoped dev tool routinely turn into the first 10 paying customers.
2026-05-05,The ai & machine learning opening hiding in a +109% framework migration,photoprism,AI & Machine Learning,Framework migration,121,+109%,100,+19%,"Single-purpose CLI that does one job the incumbent's dashboard hides — agent eval, prompt diff, tool-call replay.; VS Code extension that surfaces the live signal inside the editor; no marketing site needed for the first 1,000 installs.; Pay-per-run hosted endpoint for one stage of the ai & machine learning pipeline; treat it as a tool other agents call, not a SaaS humans browse to.",Drop it as a free CLI install into r/LocalLLaMA + the underrated 'Show HN' Friday slot. The first 100 stars on a tightly-scoped dev tool routinely turn into the first 10 paying customers.
2026-05-06,The legal tech reset hiding in a -23% framework migration,bridgecrewio,Legal Tech,Framework migration,17,-23%,100,+47%,"EHR/court/contract export tool — the part that vendors refuse to expose. Read-only, audit-trail-first.; Compliance-as-a-tool for one narrow workflow; sell the artifact (signed PDF, attestation) not the platform.; Verification layer that sits between the AI and the system of record; the engineer-buyer is your first 100 customers.",Lead with a credible benchmark or audit — a single PDF that names what the existing tools miss. Send it to two industry newsletters before posting it anywhere social.
2026-05-07,The cybersecurity opening hiding in a +28% framework migration,goauthentik,Cybersecurity,Framework migration,244,+28%,100,+11%,"Single-table replacement for one screen of the incumbent cybersecurity suite. Sell the export, not the storage.; Browser extension that overlays signal data on the existing cybersecurity dashboards the buyer already uses.; Lightweight monitoring + alerting for one specific failure mode — narrower than the platform, deeper on the one job.",Publish a 'state of cybersecurity engineering' weekly digest derived from the same data; the digest becomes the first sales channel and an SEO surface at the same time.
2026-05-08,The gaming opening hiding in a +40% framework migration,MultiCraft,Gaming,Framework migration,7,+40%,100,+0%,"Creator-side dashboard that pulls live engagement signals from the underlying platform; sell the slice, not the platform.; Discord/Slack-native bot that surfaces a community's own signal (top contributors, top threads, top movers) on a daily schedule.; One-click 'state of my channel' artifact — public URL the creator can share on their own audience.",Live-build it on a small Discord (1k-5k members) for two weeks; the community becomes both QA and first wave. Skip Twitter until the demo URL has its own retention curve.
2026-05-09,The ai & machine learning opening hiding in a +25% framework migration,netdata,AI & Machine Learning,Framework migration,120,+25%,100,+14%,"Single-purpose CLI that does one job the incumbent's dashboard hides — agent eval, prompt diff, tool-call replay.; VS Code extension that surfaces the live signal inside the editor; no marketing site needed for the first 1,000 installs.; Pay-per-run hosted endpoint for one stage of the ai & machine learning pipeline; treat it as a tool other agents call, not a SaaS humans browse to.",Drop it as a free CLI install into r/LocalLLaMA + the underrated 'Show HN' Friday slot. The first 100 stars on a tightly-scoped dev tool routinely turn into the first 10 paying customers.
2026-05-10,The e-commerce infrastructure reset hiding in a -82% framework migration,solidusio,E-commerce Infrastructure,Framework migration,5,-82%,100,+0%,Single-screen replacement for one feature the incumbent buried three menus deep.; Browser extension that pulls the signal onto the dashboard the buyer already uses.; Pay-per-call hosted endpoint that does one narrow job other tools can chain into.,"Pick the one subreddit or category page where the engineer-buyer already reads. Post the artifact (dataset, demo, methodology) not the product page; reply with the product link only when asked."
2026-05-11,The ai & machine learning opening hiding in a +10% framework migration,nautechsystems,AI & Machine Learning,Framework migration,217,+10%,100,+21%,"Single-purpose CLI that does one job the incumbent's dashboard hides — agent eval, prompt diff, tool-call replay.; VS Code extension that surfaces the live signal inside the editor; no marketing site needed for the first 1,000 installs.; Pay-per-run hosted endpoint for one stage of the ai & machine learning pipeline; treat it as a tool other agents call, not a SaaS humans browse to.",Drop it as a free CLI install into r/LocalLLaMA + the underrated 'Show HN' Friday slot. The first 100 stars on a tightly-scoped dev tool routinely turn into the first 10 paying customers.
2026-05-12,The web3 reset hiding in a -57% framework migration,remix-project-org,Web3,Framework migration,43,-57%,100,+0%,"Compliance-adjacent middleware — the part of the stack the incumbent won't ship because the support cost is too high.; Read-only analytics layer over the existing web3 data sources; sell the dashboard, not the integration.; Embedded widget for the engineer-buyer at a Series A — drop-in, single-script, replaces a quarter of a Salesforce instance.","Publish a public read-only demo with one anonymised customer's data; share the demo URL in the Indie Hackers fintech category and pitch one fintech podcast as a case study, not a product."
2026-05-13,The ai & machine learning reset hiding in a -56% framework migration,mlflow,AI & Machine Learning,Framework migration,184,-56%,100,+0%,"Single-purpose CLI that does one job the incumbent's dashboard hides — agent eval, prompt diff, tool-call replay.; VS Code extension that surfaces the live signal inside the editor; no marketing site needed for the first 1,000 installs.; Pay-per-run hosted endpoint for one stage of the ai & machine learning pipeline; treat it as a tool other agents call, not a SaaS humans browse to.",Drop it as a free CLI install into r/LocalLLaMA + the underrated 'Show HN' Friday slot. The first 100 stars on a tightly-scoped dev tool routinely turn into the first 10 paying customers.
2026-05-14,The cybersecurity reset hiding in a -60% framework migration,JanssenProject,Cybersecurity,Framework migration,153,-60%,100,+28%,"Single-table replacement for one screen of the incumbent cybersecurity suite. Sell the export, not the storage.; Browser extension that overlays signal data on the existing cybersecurity dashboards the buyer already uses.; Lightweight monitoring + alerting for one specific failure mode — narrower than the platform, deeper on the one job.",Publish a 'state of cybersecurity engineering' weekly digest derived from the same data; the digest becomes the first sales channel and an SEO surface at the same time.
2026-05-15,The agtech reset hiding in a -24% framework migration,betagouv,AgTech,Framework migration,16,-24%,100,+32%,"Hardware-adjacent SaaS — schedule, audit, certify. The incumbents own the device; you own the workflow.; Open data pipeline for the slow part of the agtech cycle (carbon, supply chain, ag). Sell the cleaning, not the raw feed.; Procurement-side B2B tool — the buyer is technical, the budget is corporate, the product is one screen.","Find the agtech subreddit (or the LinkedIn equivalent if Reddit thin); post the dataset, not the product. Lead with the artifact you can show, the link to it sits in the second comment."
2026-05-16,The climate tech reset hiding in a -57% framework migration,CliMA,Climate Tech,Framework migration,15,-57%,81,+0%,"Hardware-adjacent SaaS — schedule, audit, certify. The incumbents own the device; you own the workflow.; Open data pipeline for the slow part of the climate tech cycle (carbon, supply chain, ag). Sell the cleaning, not the raw feed.; Procurement-side B2B tool — the buyer is technical, the budget is corporate, the product is one screen.","Find the climate tech subreddit (or the LinkedIn equivalent if Reddit thin); post the dataset, not the product. Lead with the artifact you can show, the link to it sits in the second comment."
2026-05-17,The hr tech reset hiding in a -99% framework migration,ever-co,HR Tech,Framework migration,1,-99%,79,+0%,"Sourcing tool for engineering managers — Slack-native, signal-pulled by sector, no SaaS dashboard.; Read-only overlay on the incumbent ATS — bring engineering signals (GitHub activity, dependency adoption) onto candidate cards.; Drip-tool for technical recruiting that writes its own outreach from public commit signals.","Free Chrome extension into r/recruiting and r/cscareerquestions for the first 1,000 installs. Both subs allow free tools if you don't pitch — frame it as data, not product."
2026-05-18,The social & community reset hiding in a -26% framework migration,unacms,Social & Community,Framework migration,53,-26%,11,+0%,"Creator-side dashboard that pulls live engagement signals from the underlying platform; sell the slice, not the platform.; Discord/Slack-native bot that surfaces a community's own signal (top contributors, top threads, top movers) on a daily schedule.; One-click 'state of my channel' artifact — public URL the creator can share on their own audience.",Live-build it on a small Discord (1k-5k members) for two weeks; the community becomes both QA and first wave. Skip Twitter until the demo URL has its own retention curve.
2026-05-19,The web3 reset hiding in a -30% framework migration,BibliothecaDAO,Web3,Framework migration,173,-30%,30,+0%,"Compliance-adjacent middleware — the part of the stack the incumbent won't ship because the support cost is too high.; Read-only analytics layer over the existing web3 data sources; sell the dashboard, not the integration.; Embedded widget for the engineer-buyer at a Series A — drop-in, single-script, replaces a quarter of a Salesforce instance.","Publish a public read-only demo with one anonymised customer's data; share the demo URL in the Indie Hackers fintech category and pitch one fintech podcast as a case study, not a product."
2026-05-20,The gaming reset hiding in a -94% engineering hiring burst,ohrrpgce,Gaming,Engineering hiring burst,1,-94%,3,+240%,"Creator-side dashboard that pulls live engagement signals from the underlying platform; sell the slice, not the platform.; Discord/Slack-native bot that surfaces a community's own signal (top contributors, top threads, top movers) on a daily schedule.; One-click 'state of my channel' artifact — public URL the creator can share on their own audience.",Live-build it on a small Discord (1k-5k members) for two weeks; the community becomes both QA and first wave. Skip Twitter until the demo URL has its own retention curve.
2026-05-21,The edtech reset hiding in a -60% framework migration,oaknational,EdTech,Framework migration,135,-60%,46,+0%,"Sourcing tool for engineering managers — Slack-native, signal-pulled by sector, no SaaS dashboard.; Read-only overlay on the incumbent ATS — bring engineering signals (GitHub activity, dependency adoption) onto candidate cards.; Drip-tool for technical recruiting that writes its own outreach from public commit signals.","Free Chrome extension into r/recruiting and r/cscareerquestions for the first 1,000 installs. Both subs allow free tools if you don't pitch — frame it as data, not product."
2026-05-22,The ai & machine learning reset hiding in a -50% framework migration,catboost,AI & Machine Learning,Framework migration,13,-50%,100,+0%,"Single-purpose CLI that does one job the incumbent's dashboard hides — agent eval, prompt diff, tool-call replay.; VS Code extension that surfaces the live signal inside the editor; no marketing site needed for the first 1,000 installs.; Pay-per-run hosted endpoint for one stage of the ai & machine learning pipeline; treat it as a tool other agents call, not a SaaS humans browse to.",Drop it as a free CLI install into r/LocalLLaMA + the underrated 'Show HN' Friday slot. The first 100 stars on a tightly-scoped dev tool routinely turn into the first 10 paying customers.
2026-05-23,The edtech opening hiding in a +102% engineering hiring burst,plomgrading,EdTech,Engineering hiring burst,162,+102%,40,+72%,"Sourcing tool for engineering managers — Slack-native, signal-pulled by sector, no SaaS dashboard.; Read-only overlay on the incumbent ATS — bring engineering signals (GitHub activity, dependency adoption) onto candidate cards.; Drip-tool for technical recruiting that writes its own outreach from public commit signals.","Free Chrome extension into r/recruiting and r/cscareerquestions for the first 1,000 installs. Both subs allow free tools if you don't pitch — frame it as data, not product."
2026-05-24,The ai & machine learning opening hiding in a +55% engineering hiring burst,harvard-edge,AI & Machine Learning,Engineering hiring burst,1132,+55%,97,+158%,"Single-purpose CLI that does one job the incumbent's dashboard hides — agent eval, prompt diff, tool-call replay.; VS Code extension that surfaces the live signal inside the editor; no marketing site needed for the first 1,000 installs.; Pay-per-run hosted endpoint for one stage of the ai & machine learning pipeline; treat it as a tool other agents call, not a SaaS humans browse to.",Drop it as a free CLI install into r/LocalLLaMA + the underrated 'Show HN' Friday slot. The first 100 stars on a tightly-scoped dev tool routinely turn into the first 10 paying customers.
2026-05-25,The developer tools reset hiding in a -25% framework migration,nocobase,Developer Tools,Framework migration,54,-25%,98,+0%,"Single-purpose CLI that does one job the incumbent's dashboard hides — agent eval, prompt diff, tool-call replay.; VS Code extension that surfaces the live signal inside the editor; no marketing site needed for the first 1,000 installs.; Pay-per-run hosted endpoint for one stage of the developer tools pipeline; treat it as a tool other agents call, not a SaaS humans browse to.",Drop it as a free CLI install into r/LocalLLaMA + the underrated 'Show HN' Friday slot. The first 100 stars on a tightly-scoped dev tool routinely turn into the first 10 paying customers.
2026-05-27,The cybersecurity opening hiding in a +17% framework migration,projectdiscovery,Cybersecurity,Framework migration,529,+17%,100,+0%,"Single-table replacement for one screen of the incumbent cybersecurity suite. Sell the export, not the storage.; Browser extension that overlays signal data on the existing cybersecurity dashboards the buyer already uses.; Lightweight monitoring + alerting for one specific failure mode — narrower than the platform, deeper on the one job.",Publish a 'state of cybersecurity engineering' weekly digest derived from the same data; the digest becomes the first sales channel and an SEO surface at the same time.
2026-05-28,The ai & machine learning reset hiding in a -10% framework migration,paperless-ngx,AI & Machine Learning,Framework migration,54,-10%,100,+0%,"Single-purpose CLI that does one job the incumbent's dashboard hides — agent eval, prompt diff, tool-call replay.; VS Code extension that surfaces the live signal inside the editor; no marketing site needed for the first 1,000 installs.; Pay-per-run hosted endpoint for one stage of the ai & machine learning pipeline; treat it as a tool other agents call, not a SaaS humans browse to.",Drop it as a free CLI install into r/LocalLLaMA + the underrated 'Show HN' Friday slot. The first 100 stars on a tightly-scoped dev tool routinely turn into the first 10 paying customers.
2026-05-29,The edtech reset hiding in a -83% framework migration,cpinitiative,EdTech,Framework migration,15,-83%,100,+0%,"Sourcing tool for engineering managers — Slack-native, signal-pulled by sector, no SaaS dashboard.; Read-only overlay on the incumbent ATS — bring engineering signals (GitHub activity, dependency adoption) onto candidate cards.; Drip-tool for technical recruiting that writes its own outreach from public commit signals.","Free Chrome extension into r/recruiting and r/cscareerquestions for the first 1,000 installs. Both subs allow free tools if you don't pitch — frame it as data, not product."
2026-05-30,The edtech reset hiding in a -47% framework migration,OpenOLAT,EdTech,Framework migration,58,-47%,16,+0%,"Sourcing tool for engineering managers — Slack-native, signal-pulled by sector, no SaaS dashboard.; Read-only overlay on the incumbent ATS — bring engineering signals (GitHub activity, dependency adoption) onto candidate cards.; Drip-tool for technical recruiting that writes its own outreach from public commit signals.","Free Chrome extension into r/recruiting and r/cscareerquestions for the first 1,000 installs. Both subs allow free tools if you don't pitch — frame it as data, not product."
2026-05-31,The data infrastructure reset hiding in a -64% framework migration,odpi,Data Infrastructure,Framework migration,8,-64%,62,+0%,"Single-purpose CLI that does one job the incumbent's dashboard hides — agent eval, prompt diff, tool-call replay.; VS Code extension that surfaces the live signal inside the editor; no marketing site needed for the first 1,000 installs.; Pay-per-run hosted endpoint for one stage of the data infrastructure pipeline; treat it as a tool other agents call, not a SaaS humans browse to.",Drop it as a free CLI install into r/LocalLLaMA + the underrated 'Show HN' Friday slot. The first 100 stars on a tightly-scoped dev tool routinely turn into the first 10 paying customers.
2026-06-01,The gaming opening hiding in a +360% deploy frequency spike,o3de,Gaming,Deploy frequency spike,23,+360%,100,+0%,"Creator-side dashboard that pulls live engagement signals from the underlying platform; sell the slice, not the platform.; Discord/Slack-native bot that surfaces a community's own signal (top contributors, top threads, top movers) on a daily schedule.; One-click 'state of my channel' artifact — public URL the creator can share on their own audience.",Live-build it on a small Discord (1k-5k members) for two weeks; the community becomes both QA and first wave. Skip Twitter until the demo URL has its own retention curve.
2026-06-02,The hr tech reset hiding in a -53% engineering hiring burst,zapplyjobs,HR Tech,Engineering hiring burst,1158,-53%,8,+220%,"Sourcing tool for engineering managers — Slack-native, signal-pulled by sector, no SaaS dashboard.; Read-only overlay on the incumbent ATS — bring engineering signals (GitHub activity, dependency adoption) onto candidate cards.; Drip-tool for technical recruiting that writes its own outreach from public commit signals.","Free Chrome extension into r/recruiting and r/cscareerquestions for the first 1,000 installs. Both subs allow free tools if you don't pitch — frame it as data, not product."
2026-06-03,The web3 reset hiding in a -6% framework migration,IntersectMBO,Web3,Framework migration,30,-6%,100,+0%,"Compliance-adjacent middleware — the part of the stack the incumbent won't ship because the support cost is too high.; Read-only analytics layer over the existing web3 data sources; sell the dashboard, not the integration.; Embedded widget for the engineer-buyer at a Series A — drop-in, single-script, replaces a quarter of a Salesforce instance.","Publish a public read-only demo with one anonymised customer's data; share the demo URL in the Indie Hackers fintech category and pitch one fintech podcast as a case study, not a product."
2026-06-04,The gaming opening hiding in a +344% deploy frequency spike,castle-engine,Gaming,Deploy frequency spike,40,+344%,24,+0%,"Creator-side dashboard that pulls live engagement signals from the underlying platform; sell the slice, not the platform.; Discord/Slack-native bot that surfaces a community's own signal (top contributors, top threads, top movers) on a daily schedule.; One-click 'state of my channel' artifact — public URL the creator can share on their own audience.",Live-build it on a small Discord (1k-5k members) for two weeks; the community becomes both QA and first wave. Skip Twitter until the demo URL has its own retention curve.
2026-06-05,The enterprise saas reset hiding in a -52% framework migration,polarsource,Enterprise SaaS,Framework migration,163,-52%,100,+0%,"Sourcing tool for engineering managers — Slack-native, signal-pulled by sector, no SaaS dashboard.; Read-only overlay on the incumbent ATS — bring engineering signals (GitHub activity, dependency adoption) onto candidate cards.; Drip-tool for technical recruiting that writes its own outreach from public commit signals.","Free Chrome extension into r/recruiting and r/cscareerquestions for the first 1,000 installs. Both subs allow free tools if you don't pitch — frame it as data, not product."
2026-06-06,The social & community reset hiding in a -94% framework migration,goalgorilla,Social & Community,Framework migration,1,-94%,73,+0%,"Creator-side dashboard that pulls live engagement signals from the underlying platform; sell the slice, not the platform.; Discord/Slack-native bot that surfaces a community's own signal (top contributors, top threads, top movers) on a daily schedule.; One-click 'state of my channel' artifact — public URL the creator can share on their own audience.",Live-build it on a small Discord (1k-5k members) for two weeks; the community becomes both QA and first wave. Skip Twitter until the demo URL has its own retention curve.
2026-06-07,The data infrastructure reset hiding in a -57% framework migration,VictoriaMetrics,Data Infrastructure,Framework migration,26,-57%,100,+0%,"Single-purpose CLI that does one job the incumbent's dashboard hides — agent eval, prompt diff, tool-call replay.; VS Code extension that surfaces the live signal inside the editor; no marketing site needed for the first 1,000 installs.; Pay-per-run hosted endpoint for one stage of the data infrastructure pipeline; treat it as a tool other agents call, not a SaaS humans browse to.",Drop it as a free CLI install into r/LocalLLaMA + the underrated 'Show HN' Friday slot. The first 100 stars on a tightly-scoped dev tool routinely turn into the first 10 paying customers.
2026-06-08,The ai & machine learning reset hiding in a -84% framework migration,roboflow,AI & Machine Learning,Framework migration,12,-84%,92,+0%,"Single-purpose CLI that does one job the incumbent's dashboard hides — agent eval, prompt diff, tool-call replay.; VS Code extension that surfaces the live signal inside the editor; no marketing site needed for the first 1,000 installs.; Pay-per-run hosted endpoint for one stage of the ai & machine learning pipeline; treat it as a tool other agents call, not a SaaS humans browse to.",Drop it as a free CLI install into r/LocalLLaMA + the underrated 'Show HN' Friday slot. The first 100 stars on a tightly-scoped dev tool routinely turn into the first 10 paying customers.
2026-06-09,The healthcare opening hiding in a +0% infrastructure buildout,ballerina-platform,Healthcare,Infrastructure buildout,3,+0%,100,+0%,"EHR/court/contract export tool — the part that vendors refuse to expose. Read-only, audit-trail-first.; Compliance-as-a-tool for one narrow workflow; sell the artifact (signed PDF, attestation) not the platform.; Verification layer that sits between the AI and the system of record; the engineer-buyer is your first 100 customers.",Lead with a credible benchmark or audit — a single PDF that names what the existing tools miss. Send it to two industry newsletters before posting it anywhere social.
2026-06-10,The data infrastructure reset hiding in a -12% framework migration,opensearch-project,Data Infrastructure,Framework migration,23,-12%,100,+0%,"Single-purpose CLI that does one job the incumbent's dashboard hides — agent eval, prompt diff, tool-call replay.; VS Code extension that surfaces the live signal inside the editor; no marketing site needed for the first 1,000 installs.; Pay-per-run hosted endpoint for one stage of the data infrastructure pipeline; treat it as a tool other agents call, not a SaaS humans browse to.",Drop it as a free CLI install into r/LocalLLaMA + the underrated 'Show HN' Friday slot. The first 100 stars on a tightly-scoped dev tool routinely turn into the first 10 paying customers.
2026-06-11,The healthcare opening hiding in a +0% framework migration,the-momentum,Healthcare,Framework migration,17,+0%,38,+0%,"EHR/court/contract export tool — the part that vendors refuse to expose. Read-only, audit-trail-first.; Compliance-as-a-tool for one narrow workflow; sell the artifact (signed PDF, attestation) not the platform.; Verification layer that sits between the AI and the system of record; the engineer-buyer is your first 100 customers.",Lead with a credible benchmark or audit — a single PDF that names what the existing tools miss. Send it to two industry newsletters before posting it anywhere social.
2026-06-12,The enterprise saas reset hiding in a -62% framework migration,nextcloud,Enterprise SaaS,Framework migration,119,-62%,100,+8%,"Sourcing tool for engineering managers — Slack-native, signal-pulled by sector, no SaaS dashboard.; Read-only overlay on the incumbent ATS — bring engineering signals (GitHub activity, dependency adoption) onto candidate cards.; Drip-tool for technical recruiting that writes its own outreach from public commit signals.","Free Chrome extension into r/recruiting and r/cscareerquestions for the first 1,000 installs. Both subs allow free tools if you don't pitch — frame it as data, not product."
2026-06-13,The edtech reset hiding in a -15% framework migration,Vacademy-io,EdTech,Framework migration,352,-15%,23,+0%,"Sourcing tool for engineering managers — Slack-native, signal-pulled by sector, no SaaS dashboard.; Read-only overlay on the incumbent ATS — bring engineering signals (GitHub activity, dependency adoption) onto candidate cards.; Drip-tool for technical recruiting that writes its own outreach from public commit signals.","Free Chrome extension into r/recruiting and r/cscareerquestions for the first 1,000 installs. Both subs allow free tools if you don't pitch — frame it as data, not product."
2026-06-14,The healthcare reset hiding in a -64% framework migration,third-culture-software,Healthcare,Framework migration,5,-64%,28,+0%,"EHR/court/contract export tool — the part that vendors refuse to expose. Read-only, audit-trail-first.; Compliance-as-a-tool for one narrow workflow; sell the artifact (signed PDF, attestation) not the platform.; Verification layer that sits between the AI and the system of record; the engineer-buyer is your first 100 customers.",Lead with a credible benchmark or audit — a single PDF that names what the existing tools miss. Send it to two industry newsletters before posting it anywhere social.
2026-06-15,The e-commerce infrastructure opening hiding in a +100% infrastructure buildout,graycoreio,E-commerce Infrastructure,Infrastructure buildout,2,+100%,3,+0%,Single-screen replacement for one feature the incumbent buried three menus deep.; Browser extension that pulls the signal onto the dashboard the buyer already uses.; Pay-per-call hosted endpoint that does one narrow job other tools can chain into.,"Pick the one subreddit or category page where the engineer-buyer already reads. Post the artifact (dataset, demo, methodology) not the product page; reply with the product link only when asked."
2026-06-16,The ai & machine learning opening hiding in a +35% framework migration,inception-project,AI & Machine Learning,Framework migration,62,+35%,60,+3%,"Single-purpose CLI that does one job the incumbent's dashboard hides — agent eval, prompt diff, tool-call replay.; VS Code extension that surfaces the live signal inside the editor; no marketing site needed for the first 1,000 installs.; Pay-per-run hosted endpoint for one stage of the ai & machine learning pipeline; treat it as a tool other agents call, not a SaaS humans browse to.",Drop it as a free CLI install into r/LocalLLaMA + the underrated 'Show HN' Friday slot. The first 100 stars on a tightly-scoped dev tool routinely turn into the first 10 paying customers.
2026-06-17,The climate tech reset hiding in a -92% framework migration,nco,Climate Tech,Framework migration,2,-92%,25,+0%,"Hardware-adjacent SaaS — schedule, audit, certify. The incumbents own the device; you own the workflow.; Open data pipeline for the slow part of the climate tech cycle (carbon, supply chain, ag). Sell the cleaning, not the raw feed.; Procurement-side B2B tool — the buyer is technical, the budget is corporate, the product is one screen.","Find the climate tech subreddit (or the LinkedIn equivalent if Reddit thin); post the dataset, not the product. Lead with the artifact you can show, the link to it sits in the second comment."
2026-06-18,The web3 reset hiding in a -12% engineering hiring burst,rango-exchange,Web3,Engineering hiring burst,14,-12%,16,+132%,"Compliance-adjacent middleware — the part of the stack the incumbent won't ship because the support cost is too high.; Read-only analytics layer over the existing web3 data sources; sell the dashboard, not the integration.; Embedded widget for the engineer-buyer at a Series A — drop-in, single-script, replaces a quarter of a Salesforce instance.","Publish a public read-only demo with one anonymised customer's data; share the demo URL in the Indie Hackers fintech category and pitch one fintech podcast as a case study, not a product."
2026-06-19,The edtech reset hiding in a -76% infrastructure buildout,flatironinstitute,EdTech,Infrastructure buildout,20,-76%,14,+0%,"Sourcing tool for engineering managers — Slack-native, signal-pulled by sector, no SaaS dashboard.; Read-only overlay on the incumbent ATS — bring engineering signals (GitHub activity, dependency adoption) onto candidate cards.; Drip-tool for technical recruiting that writes its own outreach from public commit signals.","Free Chrome extension into r/recruiting and r/cscareerquestions for the first 1,000 installs. Both subs allow free tools if you don't pitch — frame it as data, not product."
2026-06-20,The e-commerce infrastructure reset hiding in a -66% infrastructure buildout,tempoxyz,E-commerce Infrastructure,Infrastructure buildout,26,-66%,16,+0%,Single-screen replacement for one feature the incumbent buried three menus deep.; Browser extension that pulls the signal onto the dashboard the buyer already uses.; Pay-per-call hosted endpoint that does one narrow job other tools can chain into.,"Pick the one subreddit or category page where the engineer-buyer already reads. Post the artifact (dataset, demo, methodology) not the product page; reply with the product link only when asked."
2026-06-21,The ai & machine learning reset hiding in a -18% framework migration,modular,AI & Machine Learning,Framework migration,430,-18%,100,+0%,"Single-purpose CLI that does one job the incumbent's dashboard hides — agent eval, prompt diff, tool-call replay.; VS Code extension that surfaces the live signal inside the editor; no marketing site needed for the first 1,000 installs.; Pay-per-run hosted endpoint for one stage of the ai & machine learning pipeline; treat it as a tool other agents call, not a SaaS humans browse to.",Drop it as a free CLI install into r/LocalLLaMA + the underrated 'Show HN' Friday slot. The first 100 stars on a tightly-scoped dev tool routinely turn into the first 10 paying customers.
2026-06-22,The climate tech reset hiding in a -1% framework migration,carbon-design-system,Climate Tech,Framework migration,97,-1%,100,+9%,"Hardware-adjacent SaaS — schedule, audit, certify. The incumbents own the device; you own the workflow.; Open data pipeline for the slow part of the climate tech cycle (carbon, supply chain, ag). Sell the cleaning, not the raw feed.; Procurement-side B2B tool — the buyer is technical, the budget is corporate, the product is one screen.","Find the climate tech subreddit (or the LinkedIn equivalent if Reddit thin); post the dataset, not the product. Lead with the artifact you can show, the link to it sits in the second comment."
2026-06-23,The healthcare reset hiding in a -86% framework migration,masslight,Healthcare,Framework migration,56,-86%,27,+0%,"EHR/court/contract export tool — the part that vendors refuse to expose. Read-only, audit-trail-first.; Compliance-as-a-tool for one narrow workflow; sell the artifact (signed PDF, attestation) not the platform.; Verification layer that sits between the AI and the system of record; the engineer-buyer is your first 100 customers.",Lead with a credible benchmark or audit — a single PDF that names what the existing tools miss. Send it to two industry newsletters before posting it anywhere social.
2026-06-24,The supply chain opening hiding in a +150% deploy frequency spike,gosqasorg,Supply Chain,Deploy frequency spike,5,+150%,24,+0%,"Hardware-adjacent SaaS — schedule, audit, certify. The incumbents own the device; you own the workflow.; Open data pipeline for the slow part of the supply chain cycle (carbon, supply chain, ag). Sell the cleaning, not the raw feed.; Procurement-side B2B tool — the buyer is technical, the budget is corporate, the product is one screen.","Find the supply chain subreddit (or the LinkedIn equivalent if Reddit thin); post the dataset, not the product. Lead with the artifact you can show, the link to it sits in the second comment."
2026-06-25,The web3 reset hiding in a -22% infrastructure buildout,canton-network,Web3,Infrastructure buildout,66,-22%,57,+0%,"Compliance-adjacent middleware — the part of the stack the incumbent won't ship because the support cost is too high.; Read-only analytics layer over the existing web3 data sources; sell the dashboard, not the integration.; Embedded widget for the engineer-buyer at a Series A — drop-in, single-script, replaces a quarter of a Salesforce instance.","Publish a public read-only demo with one anonymised customer's data; share the demo URL in the Indie Hackers fintech category and pitch one fintech podcast as a case study, not a product."
2026-06-26,The web3 opening hiding in a +71% framework migration,xmtp,Web3,Framework migration,41,+71%,58,+0%,"Compliance-adjacent middleware — the part of the stack the incumbent won't ship because the support cost is too high.; Read-only analytics layer over the existing web3 data sources; sell the dashboard, not the integration.; Embedded widget for the engineer-buyer at a Series A — drop-in, single-script, replaces a quarter of a Salesforce instance.","Publish a public read-only demo with one anonymised customer's data; share the demo URL in the Indie Hackers fintech category and pitch one fintech podcast as a case study, not a product."
2026-06-27,The e-commerce infrastructure opening hiding in a +75% framework migration,ishgroup,E-commerce Infrastructure,Framework migration,7,+75%,13,+0%,Single-screen replacement for one feature the incumbent buried three menus deep.; Browser extension that pulls the signal onto the dashboard the buyer already uses.; Pay-per-call hosted endpoint that does one narrow job other tools can chain into.,"Pick the one subreddit or category page where the engineer-buyer already reads. Post the artifact (dataset, demo, methodology) not the product page; reply with the product link only when asked."
2026-06-28,The edtech opening hiding in a +153% engineering hiring burst,sonic-pi-net,EdTech,Engineering hiring burst,38,+153%,100,+73%,"Sourcing tool for engineering managers — Slack-native, signal-pulled by sector, no SaaS dashboard.; Read-only overlay on the incumbent ATS — bring engineering signals (GitHub activity, dependency adoption) onto candidate cards.; Drip-tool for technical recruiting that writes its own outreach from public commit signals.","Free Chrome extension into r/recruiting and r/cscareerquestions for the first 1,000 installs. Both subs allow free tools if you don't pitch — frame it as data, not product."
2026-06-29,The healthcare reset hiding in a -92% infrastructure buildout,ohcnetwork,Healthcare,Infrastructure buildout,4,-92%,100,+0%,"EHR/court/contract export tool — the part that vendors refuse to expose. Read-only, audit-trail-first.; Compliance-as-a-tool for one narrow workflow; sell the artifact (signed PDF, attestation) not the platform.; Verification layer that sits between the AI and the system of record; the engineer-buyer is your first 100 customers.",Lead with a credible benchmark or audit — a single PDF that names what the existing tools miss. Send it to two industry newsletters before posting it anywhere social.
2026-06-30,The cybersecurity opening hiding in a +25% framework migration,dependency-check,Cybersecurity,Framework migration,25,+25%,100,+0%,"Single-table replacement for one screen of the incumbent cybersecurity suite. Sell the export, not the storage.; Browser extension that overlays signal data on the existing cybersecurity dashboards the buyer already uses.; Lightweight monitoring + alerting for one specific failure mode — narrower than the platform, deeper on the one job.",Publish a 'state of cybersecurity engineering' weekly digest derived from the same data; the digest becomes the first sales channel and an SEO surface at the same time.
2026-07-01,The enterprise saas reset hiding in a -61% framework migration,atrocore,Enterprise SaaS,Framework migration,24,-61%,18,+0%,"Sourcing tool for engineering managers — Slack-native, signal-pulled by sector, no SaaS dashboard.; Read-only overlay on the incumbent ATS — bring engineering signals (GitHub activity, dependency adoption) onto candidate cards.; Drip-tool for technical recruiting that writes its own outreach from public commit signals.","Free Chrome extension into r/recruiting and r/cscareerquestions for the first 1,000 installs. Both subs allow free tools if you don't pitch — frame it as data, not product."
2026-07-02,The climate tech reset hiding in a -88% framework migration,ESCOMP,Climate Tech,Framework migration,14,-88%,61,+0%,"Hardware-adjacent SaaS — schedule, audit, certify. The incumbents own the device; you own the workflow.; Open data pipeline for the slow part of the climate tech cycle (carbon, supply chain, ag). Sell the cleaning, not the raw feed.; Procurement-side B2B tool — the buyer is technical, the budget is corporate, the product is one screen.","Find the climate tech subreddit (or the LinkedIn equivalent if Reddit thin); post the dataset, not the product. Lead with the artifact you can show, the link to it sits in the second comment."
2026-07-03,The e-commerce infrastructure opening hiding in a +80% infrastructure buildout,juspay,E-commerce Infrastructure,Infrastructure buildout,173,+80%,4,+0%,Single-screen replacement for one feature the incumbent buried three menus deep.; Browser extension that pulls the signal onto the dashboard the buyer already uses.; Pay-per-call hosted endpoint that does one narrow job other tools can chain into.,"Pick the one subreddit or category page where the engineer-buyer already reads. Post the artifact (dataset, demo, methodology) not the product page; reply with the product link only when asked."
2026-07-04,The web3 reset hiding in a -48% framework migration,openfort-xyz,Web3,Framework migration,11,-48%,59,+0%,"Compliance-adjacent middleware — the part of the stack the incumbent won't ship because the support cost is too high.; Read-only analytics layer over the existing web3 data sources; sell the dashboard, not the integration.; Embedded widget for the engineer-buyer at a Series A — drop-in, single-script, replaces a quarter of a Salesforce instance.","Publish a public read-only demo with one anonymised customer's data; share the demo URL in the Indie Hackers fintech category and pitch one fintech podcast as a case study, not a product."
2026-07-05,The healthcare reset hiding in a -55% framework migration,fedbiomed,Healthcare,Framework migration,5,-55%,22,+0%,"EHR/court/contract export tool — the part that vendors refuse to expose. Read-only, audit-trail-first.; Compliance-as-a-tool for one narrow workflow; sell the artifact (signed PDF, attestation) not the platform.; Verification layer that sits between the AI and the system of record; the engineer-buyer is your first 100 customers.",Lead with a credible benchmark or audit — a single PDF that names what the existing tools miss. Send it to two industry newsletters before posting it anywhere social.
2026-07-06,The web3 opening hiding in a +3% framework migration,gnolang,Web3,Framework migration,31,+3%,100,+0%,"Compliance-adjacent middleware — the part of the stack the incumbent won't ship because the support cost is too high.; Read-only analytics layer over the existing web3 data sources; sell the dashboard, not the integration.; Embedded widget for the engineer-buyer at a Series A — drop-in, single-script, replaces a quarter of a Salesforce instance.","Publish a public read-only demo with one anonymised customer's data; share the demo URL in the Indie Hackers fintech category and pitch one fintech podcast as a case study, not a product."
2026-07-07,The healthcare opening hiding in a +0% engineering hiring burst,theislab,Healthcare,Engineering hiring burst,2,+0%,7,+50%,"EHR/court/contract export tool — the part that vendors refuse to expose. Read-only, audit-trail-first.; Compliance-as-a-tool for one narrow workflow; sell the artifact (signed PDF, attestation) not the platform.; Verification layer that sits between the AI and the system of record; the engineer-buyer is your first 100 customers.",Lead with a credible benchmark or audit — a single PDF that names what the existing tools miss. Send it to two industry newsletters before posting it anywhere social.
2026-07-08,The legal tech opening hiding in a +160% deploy frequency spike,nervosnetwork,Legal Tech,Deploy frequency spike,13,+160%,65,+0%,"EHR/court/contract export tool — the part that vendors refuse to expose. Read-only, audit-trail-first.; Compliance-as-a-tool for one narrow workflow; sell the artifact (signed PDF, attestation) not the platform.; Verification layer that sits between the AI and the system of record; the engineer-buyer is your first 100 customers.",Lead with a credible benchmark or audit — a single PDF that names what the existing tools miss. Send it to two industry newsletters before posting it anywhere social.
2026-07-09,The edtech opening hiding in a +250% deploy frequency spike,hedyorg,EdTech,Deploy frequency spike,14,+250%,100,+34%,"Sourcing tool for engineering managers — Slack-native, signal-pulled by sector, no SaaS dashboard.; Read-only overlay on the incumbent ATS — bring engineering signals (GitHub activity, dependency adoption) onto candidate cards.; Drip-tool for technical recruiting that writes its own outreach from public commit signals.","Free Chrome extension into r/recruiting and r/cscareerquestions for the first 1,000 installs. Both subs allow free tools if you don't pitch — frame it as data, not product."
2026-07-10,The supply chain reset hiding in a -8% framework migration,Velocidex,Supply Chain,Framework migration,12,-8%,100,+3%,"Hardware-adjacent SaaS — schedule, audit, certify. The incumbents own the device; you own the workflow.; Open data pipeline for the slow part of the supply chain cycle (carbon, supply chain, ag). Sell the cleaning, not the raw feed.; Procurement-side B2B tool — the buyer is technical, the budget is corporate, the product is one screen.","Find the supply chain subreddit (or the LinkedIn equivalent if Reddit thin); post the dataset, not the product. Lead with the artifact you can show, the link to it sits in the second comment."
2026-07-11,The enterprise saas reset hiding in a -5% framework migration,langchain-ai,Enterprise SaaS,Framework migration,105,-5%,100,+20%,"Sourcing tool for engineering managers — Slack-native, signal-pulled by sector, no SaaS dashboard.; Read-only overlay on the incumbent ATS — bring engineering signals (GitHub activity, dependency adoption) onto candidate cards.; Drip-tool for technical recruiting that writes its own outreach from public commit signals.","Free Chrome extension into r/recruiting and r/cscareerquestions for the first 1,000 installs. Both subs allow free tools if you don't pitch — frame it as data, not product."
2026-07-12,The web3 opening hiding in a +999% engineering hiring burst,StrobeLabs,Web3,Engineering hiring burst,18,+999%,3,+350%,"Compliance-adjacent middleware — the part of the stack the incumbent won't ship because the support cost is too high.; Read-only analytics layer over the existing web3 data sources; sell the dashboard, not the integration.; Embedded widget for the engineer-buyer at a Series A — drop-in, single-script, replaces a quarter of a Salesforce instance.","Publish a public read-only demo with one anonymised customer's data; share the demo URL in the Indie Hackers fintech category and pitch one fintech podcast as a case study, not a product."
2026-07-13,The web3 opening hiding in a +13% infrastructure buildout,ar-io,Web3,Infrastructure buildout,80,+13%,25,+0%,"Compliance-adjacent middleware — the part of the stack the incumbent won't ship because the support cost is too high.; Read-only analytics layer over the existing web3 data sources; sell the dashboard, not the integration.; Embedded widget for the engineer-buyer at a Series A — drop-in, single-script, replaces a quarter of a Salesforce instance.","Publish a public read-only demo with one anonymised customer's data; share the demo URL in the Indie Hackers fintech category and pitch one fintech podcast as a case study, not a product."
2026-07-14,The gaming reset hiding in a -17% engineering hiring burst,NBlood,Gaming,Engineering hiring burst,5,-17%,45,+400%,"Creator-side dashboard that pulls live engagement signals from the underlying platform; sell the slice, not the platform.; Discord/Slack-native bot that surfaces a community's own signal (top contributors, top threads, top movers) on a daily schedule.; One-click 'state of my channel' artifact — public URL the creator can share on their own audience.",Live-build it on a small Discord (1k-5k members) for two weeks; the community becomes both QA and first wave. Skip Twitter until the demo URL has its own retention curve.
2026-07-15,The healthcare reset hiding in a -56% framework migration,sunlabuiuc,Healthcare,Framework migration,4,-56%,55,+0%,"EHR/court/contract export tool — the part that vendors refuse to expose. Read-only, audit-trail-first.; Compliance-as-a-tool for one narrow workflow; sell the artifact (signed PDF, attestation) not the platform.; Verification layer that sits between the AI and the system of record; the engineer-buyer is your first 100 customers.",Lead with a credible benchmark or audit — a single PDF that names what the existing tools miss. Send it to two industry newsletters before posting it anywhere social.
2026-07-16,The enterprise saas opening hiding in a +999% deploy frequency spike,Open-Cap-Stack,Enterprise SaaS,Deploy frequency spike,1,+999%,10,+0%,"Sourcing tool for engineering managers — Slack-native, signal-pulled by sector, no SaaS dashboard.; Read-only overlay on the incumbent ATS — bring engineering signals (GitHub activity, dependency adoption) onto candidate cards.; Drip-tool for technical recruiting that writes its own outreach from public commit signals.","Free Chrome extension into r/recruiting and r/cscareerquestions for the first 1,000 installs. Both subs allow free tools if you don't pitch — frame it as data, not product."
2026-07-17,The legal tech opening hiding in a +999% engineering hiring burst,openlegaldata,Legal Tech,Engineering hiring burst,1,+999%,15,+100%,"EHR/court/contract export tool — the part that vendors refuse to expose. Read-only, audit-trail-first.; Compliance-as-a-tool for one narrow workflow; sell the artifact (signed PDF, attestation) not the platform.; Verification layer that sits between the AI and the system of record; the engineer-buyer is your first 100 customers.",Lead with a credible benchmark or audit — a single PDF that names what the existing tools miss. Send it to two industry newsletters before posting it anywhere social.
2026-07-18,The legal tech opening hiding in a +999% deploy frequency spike,pylegifrance,Legal Tech,Deploy frequency spike,42,+999%,6,+0%,"EHR/court/contract export tool — the part that vendors refuse to expose. Read-only, audit-trail-first.; Compliance-as-a-tool for one narrow workflow; sell the artifact (signed PDF, attestation) not the platform.; Verification layer that sits between the AI and the system of record; the engineer-buyer is your first 100 customers.",Lead with a credible benchmark or audit — a single PDF that names what the existing tools miss. Send it to two industry newsletters before posting it anywhere social.
2026-07-19,The web3 reset hiding in a -20% framework migration,margelo,Web3,Framework migration,4,-20%,40,+0%,"Compliance-adjacent middleware — the part of the stack the incumbent won't ship because the support cost is too high.; Read-only analytics layer over the existing web3 data sources; sell the dashboard, not the integration.; Embedded widget for the engineer-buyer at a Series A — drop-in, single-script, replaces a quarter of a Salesforce instance.","Publish a public read-only demo with one anonymised customer's data; share the demo URL in the Indie Hackers fintech category and pitch one fintech podcast as a case study, not a product."
